doc_id,file,pages,pdf_mb,extracted_chars,chunks,avg_chunk_chars,extract_s,index_s,summary_s,total_s,extract_s_per_page,index_s_per_page,summary_s_per_page,index_s_per_chunk,pages_per_sec,index_mb,doc_mb,summary_chars,compression_ratio,error
41c8023a-5f54-4603-9a2c-e470b40bd2e6,ALGORTIHM-SHORT-NOTES-_compressed.pdf,21,0.993,27606,34,902.91,0.6471,2.2746,709.3915,712.3133,0.030815,0.108316,33.780548,0.066901,0.0295,0.133,0.028,3328,0.120554,
d5250ecd-983f-431c-848a-471b2bb1c962,C-PROGRAMMING_SHORT_NOTES-_compressed-.pdf,21,1.121,25330,31,897.35,0.972,2.1188,617.5852,620.6759,0.046283,0.100893,29.408819,0.068347,0.0338,0.122,0.026,3591,0.141769,
198e9cfc-57ef-4dff-b39a-0f3ef24ed7d6,CD_ShortNotes2025-_compressed.pdf,21,1.389,29060,35,921.63,3.1932,2.7026,649.025,654.9208,0.152058,0.128696,30.905951,0.077218,0.0321,0.139,0.03,4793,0.164935,
ff1929ae-e0b7-4289-9d90-2466c56afe3a,COA-SHORT-NOTES-_compressed_compressed.pdf,30,1.596,41237,47,964,3.3164,4.3535,766.1063,773.7762,0.110545,0.145118,25.536876,0.092629,0.0388,0.187,0.042,2647,0.06419,
793fe17d-da8a-44c3-b5a8-fb7699e8f70d,Computer-Network--_compressed.pdf,42,1.038,48403,63,845.6,1.3024,2.3016,1089.3848,1092.9888,0.031009,0.054801,25.937733,0.036534,0.0384,0.244,0.05,3713,0.07671,
a46528bd-4466-4348-98b6-d2d5e7faea1a,DATA-STRUCTURE-SHORT-NOTES_compressed.pdf,17,1.296,17382,22,862,0.6924,1.3795,397.3263,399.3982,0.040729,0.081145,23.372138,0.062703,0.0426,0.086,0.018,3613,0.207859,
1b544e0d-aa2c-48e4-853c-248d82afe628,sample.pdf,17,1.296,17382,22,862,0.85,1.405,404.7114,406.9663,0.05,0.082645,23.806552,0.063862,0.0418,0.086,0.018,2819,0.162179,
