{
  "pages": {
    "n": 7,
    "min": 17.0,
    "p50": 21.0,
    "mean": 24.142857,
    "max": 42.0
  },
  "pdf_mb": {
    "n": 7,
    "min": 0.993,
    "p50": 1.296,
    "mean": 1.247,
    "max": 1.596
  },
  "extract_s": {
    "n": 7,
    "min": 0.6471,
    "p50": 0.972,
    "mean": 1.567643,
    "max": 3.3164
  },
  "index_s": {
    "n": 7,
    "min": 1.3795,
    "p50": 2.2746,
    "mean": 2.362229,
    "max": 4.3535
  },
  "summary_s": {
    "n": 7,
    "min": 397.3263,
    "p50": 649.025,
    "mean": 661.932929,
    "max": 1089.3848
  },
  "total_s": {
    "n": 7,
    "min": 399.3982,
    "p50": 654.9208,
    "mean": 665.862786,
    "max": 1092.9888
  },
  "index_mb": {
    "n": 7,
    "min": 0.086,
    "p50": 0.133,
    "mean": 0.142429,
    "max": 0.244
  },
  "chunks": {
    "n": 7,
    "min": 22.0,
    "p50": 34.0,
    "mean": 36.285714,
    "max": 63.0
  },
  "pages_per_sec": {
    "n": 7,
    "min": 0.0295,
    "p50": 0.0384,
    "mean": 0.036714,
    "max": 0.0426
  },
  "index_s_per_page": {
    "n": 7,
    "min": 0.054801,
    "p50": 0.100893,
    "mean": 0.100231,
    "max": 0.145118
  },
  "compression_ratio": {
    "n": 7,
    "min": 0.06419,
    "p50": 0.141769,
    "mean": 0.134028,
    "max": 0.207859
  }
}